id,firstname,lastname,email,profession
100,Maisey,Tiffa,Maisey.Tiffa@yopmail.com,developer
101,Audrie,Lanita,Audrie.Lanita@yopmail.com,firefighter
102,Coral,Rogerio,Coral.Rogerio@yopmail.com,doctor
103,Amalie,Swanhildas,Amalie.Swanhildas@yopmail.com,worker
104,Candy,Jenness,Candy.Jenness@yopmail.com,doctor
105,Bertine,Geffner,Bertine.Geffner@yopmail.com,firefighter
106,Brena,Honoria,Brena.Honoria@yopmail.com,worker
107,Bertine,Joseph,Bertine.Joseph@yopmail.com,developer
108,Cathie,Carbo,Cathie.Carbo@yopmail.com,police officer
109,Arlina,Hanleigh,Arlina.Hanleigh@yopmail.com,firefighter
110,Modestia,Imelida,Modestia.Imelida@yopmail.com,doctor
111,Kate,Kosey,Kate.Kosey@yopmail.com,developer
112,Anica,Ramona,Anica.Ramona@yopmail.com,worker
113,Sara-Ann,Freddi,Sara-Ann.Freddi@yopmail.com,developer
114,Micheline,Beniamino,Micheline.Beniamino@yopmail.com,developer
115,Doro,Girardo,Doro.Girardo@yopmail.com,worker
116,Ruthe,Kendrick,Ruthe.Kendrick@yopmail.com,police officer
117,Elbertina,Kimmie,Elbertina.Kimmie@yopmail.com,doctor
118,Rori,Fitzsimmons,Rori.Fitzsimmons@yopmail.com,police officer
119,Claudina,Cristi,Claudina.Cristi@yopmail.com,police officer
120,Johna,Anestassia,Johna.Anestassia@yopmail.com,firefighter
121,Carree,Creamer,Carree.Creamer@yopmail.com,developer
122,Tomasina,Naor,Tomasina.Naor@yopmail.com,developer
123,Valeda,Moseley,Valeda.Moseley@yopmail.com,firefighter
124,Eugine,Thunell,Eugine.Thunell@yopmail.com,firefighter
125,Mariann,Colyer,Mariann.Colyer@yopmail.com,doctor
126,Dacia,Ulphia,Dacia.Ulphia@yopmail.com,police officer
127,Max,Phaidra,Max.Phaidra@yopmail.com,police officer
128,Amelia,Madaih,Amelia.Madaih@yopmail.com,police officer
129,Dania,Anderea,Dania.Anderea@yopmail.com,worker
130,Shel,Abram,Shel.Abram@yopmail.com,police officer
131,Ida,Ball,Ida.Ball@yopmail.com,developer
132,Belinda,Dom,Belinda.Dom@yopmail.com,worker
133,Chastity,Travax,Chastity.Travax@yopmail.com,police officer
134,Tracey,Leler,Tracey.Leler@yopmail.com,developer
135,Gaylene,Brieta,Gaylene.Brieta@yopmail.com,developer
136,Tracey,Thilda,Tracey.Thilda@yopmail.com,worker
137,Millie,Socha,Millie.Socha@yopmail.com,worker
138,Brynna,Dielu,Brynna.Dielu@yopmail.com,police officer
139,Danika,Klotz,Danika.Klotz@yopmail.com,doctor
140,Bibby,Taima,Bibby.Taima@yopmail.com,developer
141,Shirlee,Klemperer,Shirlee.Klemperer@yopmail.com,police officer
142,Tatiania,Brotherson,Tatiania.Brotherson@yopmail.com,developer
143,Robinia,Haerr,Robinia.Haerr@yopmail.com,police officer
144,Dotty,Celestine,Dotty.Celestine@yopmail.com,police officer
145,Gloria,Grayce,Gloria.Grayce@yopmail.com,police officer
146,Jeanna,Loring,Jeanna.Loring@yopmail.com,developer
147,Linet,Sawtelle,Linet.Sawtelle@yopmail.com,police officer
148,Mariann,Gusella,Mariann.Gusella@yopmail.com,doctor
149,Valera,Danby,Valera.Danby@yopmail.com,police officer