id,firstname,lastname,email,profession
100,Marnia,Jarib,Marnia.Jarib@yopmail.com,doctor
101,Violet,Garbe,Violet.Garbe@yopmail.com,doctor
102,Merci,Timon,Merci.Timon@yopmail.com,firefighter
103,Gratia,Hepsibah,Gratia.Hepsibah@yopmail.com,police officer
104,Lanna,Donoghue,Lanna.Donoghue@yopmail.com,worker
105,Ebonee,Miru,Ebonee.Miru@yopmail.com,developer
106,Joeann,Ricarda,Joeann.Ricarda@yopmail.com,police officer
107,Carly,Artie,Carly.Artie@yopmail.com,firefighter
108,Sibella,Leonard,Sibella.Leonard@yopmail.com,worker
109,Emelina,Noelyn,Emelina.Noelyn@yopmail.com,developer
110,Rochette,Dahlia,Rochette.Dahlia@yopmail.com,firefighter
111,Consuela,Goldina,Consuela.Goldina@yopmail.com,developer
112,Ira,Myrilla,Ira.Myrilla@yopmail.com,doctor
113,Briney,Daegal,Briney.Daegal@yopmail.com,police officer
114,Wileen,Rese,Wileen.Rese@yopmail.com,police officer
115,Rebeca,Halla,Rebeca.Halla@yopmail.com,doctor
116,Annabela,Dimitris,Annabela.Dimitris@yopmail.com,worker
117,Rosanne,Phi,Rosanne.Phi@yopmail.com,police officer
118,Raina,Caitlin,Raina.Caitlin@yopmail.com,doctor
119,Amii,Odell,Amii.Odell@yopmail.com,police officer
120,Kate,Creamer,Kate.Creamer@yopmail.com,developer
121,Dulce,Soneson,Dulce.Soneson@yopmail.com,firefighter
122,Jennica,Salvidor,Jennica.Salvidor@yopmail.com,police officer
123,Sean,Tannie,Sean.Tannie@yopmail.com,doctor
124,Allis,Ventre,Allis.Ventre@yopmail.com,doctor
125,Carree,Septima,Carree.Septima@yopmail.com,firefighter
126,Lolita,Pelagias,Lolita.Pelagias@yopmail.com,firefighter
127,Kenna,Zrike,Kenna.Zrike@yopmail.com,police officer
128,Belinda,Milde,Belinda.Milde@yopmail.com,worker
129,Ricky,Allys,Ricky.Allys@yopmail.com,police officer